Date,Title,Ticker,Article URL
2021-11-08 13:12:00, Magnus announces Series A Financing to Accelerate Growth in Trucking Industry,CG,https://www.prnewswire.com/news-releases/magnus-announces-series-a-financing-to-accelerate-growth-in-trucking-industry-301418830.html
2021-11-08 13:01:00," ADS-TEC Energy GmbH, a Leading Battery-Buffered Charging Company, Signs-onto COP26 Joint Declaration on Transition to Zero Emission Vehicles",EUSG,https://www.prnewswire.com/news-releases/ads-tec-energy-gmbh-a-leading-battery-buffered-charging-company-signs-onto-cop26-joint-declaration-on-transition-to-zero-emission-vehicles-301418816.html
2021-11-08 13:00:00," New England Biolabs® releases next generation HiScribe™ in vitro transcription kit, incorporating TriLink® Biotechnologies' CleanCap® technology for mRNA synthesis",MRVI,https://www.prnewswire.com/news-releases/new-england-biolabs-releases-next-generation-hiscribe-in-vitro-transcription-kit-incorporating-trilink-biotechnologies-cleancap-technology-for-mrna-synthesis-301418815.html
2021-11-08 12:53:00, Shareholder Alert: Ademi LLP investigates whether Zix Corporation has obtained a Fair Price in its transaction with OpenText,ZIXI,https://www.prnewswire.com/news-releases/shareholder-alert-ademi-llp-investigates-whether-zix-corporation-has-obtained-a-fair-price-in-its-transaction-with-opentext-301418788.html
2021-11-08 12:52:00, Shareholder Alert: Ademi LLP investigates whether McAfee Corp. has obtained a Fair Price in its transaction with the Investor Group,MCFE,https://www.prnewswire.com/news-releases/shareholder-alert-ademi-llp-investigates-whether-mcafee-corp-has-obtained-a-fair-price-in-its-transaction-with-the-investor-group-301418777.html
2021-11-08 12:35:00," Liberty All-Star® Growth Fund, Inc. Declares Regular Quarterly Distribution and Amount Required for Excise Tax Purposes",ASG,https://www.prnewswire.com/news-releases/liberty-all-star-growth-fund-inc-declares-regular-quarterly-distribution-and-amount-required-for-excise-tax-purposes-301418771.html
2021-11-08 12:33:00, TPN Names Industry Veteran as New Chief Strategy Officer,OMC,https://www.prnewswire.com/news-releases/tpn-names-industry-veteran-as-new-chief-strategy-officer-301418770.html
2021-11-08 12:30:00, Liberty All-Star® Equity Fund Declares Distribution,,https://www.prnewswire.com/news-releases/liberty-all-star-equity-fund-declares-distribution-301418765.html
2021-11-08 12:15:00," The Law Offices of Frank R. Cruz Announces the Filing of a Securities Class Action on Behalf of The Honest Company, Inc. (HNST) Investors",HNST,https://www.prnewswire.com/news-releases/the-law-offices-of-frank-r-cruz-announces-the-filing-of-a-securities-class-action-on-behalf-of-the-honest-company-inc-hnst-investors-301418266.html
2021-11-08 12:05:00," Senstar Technologies to Report Third Quarter 2021 Results on Tuesday, November 16, 2021",SNT,https://www.prnewswire.com/news-releases/senstar-technologies-to-report-third-quarter-2021-results-on-tuesday-november-16-2021-301418737.html
2021-11-08 12:00:00, Chemours Places Sustainability at the Center of its Corporate Strategy,CC,https://www.prnewswire.com/news-releases/chemours-places-sustainability-at-the-center-of-its-corporate-strategy-301418710.html
2021-11-08 12:00:00," National Western Life Group, Inc. Announces 2021 Third Quarter Earnings",NWLI,https://www.prnewswire.com/news-releases/national-western-life-group-inc-announces-2021-third-quarter-earnings-301418678.html
2021-11-08 12:00:00, Allegiant Collaborates With AWS To Take Its Customers To The Cloud,ALGT,https://www.prnewswire.com/news-releases/allegiant-collaborates-with-aws-to-take-its-customers-to-the-cloud-301418675.html
2021-11-08 11:56:00, UCASU's 2021 Net Income May Yield More Than $0.10 Per Share Dividend,UCASU,https://www.prnewswire.com/news-releases/ucasus-2021-net-income-may-yield-more-than-0-10-per-share-dividend-301418726.html
2021-11-08 11:30:00," HNST Investors Have Opportunity to Lead The Honest Company, Inc. Securities Fraud Lawsuit",,https://www.prnewswire.com/news-releases/hnst-investors-have-opportunity-to-lead-the-honest-company-inc-securities-fraud-lawsuit-301417920.html
2021-11-08 11:20:00, Palo Alto Networks Positioned as a Leader in 2021 Gartner® Magic Quadrant™ for Network Firewalls for the Tenth Consecutive Time,PANW,https://www.prnewswire.com/news-releases/palo-alto-networks-positioned-as-a-leader-in-2021-gartner-magic-quadrant-for-network-firewalls-for-the-tenth-consecutive-time-301418692.html
2021-11-08 11:05:00," Partner Communications To Release Third Quarter 2021 Results On November 29, 2021",PTNR,https://www.prnewswire.com/news-releases/partner-communications-to-release-third-quarter-2021-results-on-november-29-2021-301418674.html
2021-11-08 10:57:00," KFC Releases Limited-Edition ""Finger Lickin' Chicken Mitten Bucket Hugger"" And Holiday Bucket For Your Fried Chicken Festivities",,https://www.prnewswire.com/news-releases/kfc-releases-limited-edition-finger-lickin-chicken-mitten-bucket-hugger-and-holiday-bucket-for-your-fried-chicken-festivities-301418662.html
2021-11-08 10:41:00, SHAPE Launches Newest Beauty Lab Box for 2021 Holiday Season,MDP,https://www.prnewswire.com/news-releases/shape-launches-newest-beauty-lab-box-for-2021-holiday-season-301418646.html
2021-11-08 10:32:00, Shareholder Alert: Ademi LLP investigates whether CorePoint Lodging Inc. has obtained a Fair Price in its transaction with Highgate and Cerberus,CPLG,https://www.prnewswire.com/news-releases/shareholder-alert-ademi-llp-investigates-whether-corepoint-lodging-inc-has-obtained-a-fair-price-in-its-transaction-with-highgate-and-cerberus-301418473.html
2021-11-08 10:27:00," Amid 15-Year High in Traffic Fatalities, LexisNexis Coplogic Solutions Introduces Data Sophistication Model to Help Law Enforcement Save More Lives on U.S. Roadways",RELX,https://www.prnewswire.com/news-releases/amid-15-year-high-in-traffic-fatalities-lexisnexis-coplogic-solutions-introduces-data-sophistication-model-to-help-law-enforcement-save-more-lives-on-us-roadways-301418640.html
2021-11-08 10:24:00, Tabula Rasa HealthCare Makes Key Organizational Changes as Part of Strategic Growth Plans,TRHC,https://www.prnewswire.com/news-releases/tabula-rasa-healthcare-makes-key-organizational-changes-as-part-of-strategic-growth-plans-301418635.html
2021-11-08 10:18:00, EMBRAER S.A.: Embraer presents the Energia Family - Four New Aircraft Concepts Using Renewable Energy Propulsion Technologies,ERJ,https://www.prnewswire.com/news-releases/embraer-sa-embraer-presents-the-energia-family--four-new-aircraft-concepts-using-renewable-energy-propulsion-technologies-301418630.html
2021-11-08 10:07:00, Health Care Service Corporation Wins 2021 AFP Pinnacle Award Grand Prize for Excellence in Treasury and Finance,MUFG,https://www.prnewswire.com/news-releases/health-care-service-corporation-wins-2021-afp-pinnacle-award-grand-prize-for-excellence-in-treasury-and-finance-301413257.html
2021-11-08 10:06:00, Protiviti Launches New Compliance Services Built on Top of Microsoft Compliance Manager,RHI,https://www.prnewswire.com/news-releases/protiviti-launches-new-compliance-services-built-on-top-of-microsoft-compliance-manager-301418625.html
2021-11-08 10:00:00, Outdoorsy Relaunches Veterans Day Program with Weeklong Votes for Vets Giveaway,ELS,https://www.prnewswire.com/news-releases/outdoorsy-relaunches-veterans-day-program-with-weeklong-votes-for-vets-giveaway-301418051.html
2021-11-08 10:00:00," Invesco QQQ Launches Digital Game ""How Not to Suck at Money,"" the official financial education program of the NCAA®",QQQ,https://www.prnewswire.com/news-releases/invesco-qqq-launches-digital-game-how-not-to-suck-at-money-the-official-financial-education-program-of-the-ncaa-301417597.html
2021-11-08 09:59:00, XTM Signs Service Inspired Restaurants (SIRCORP) to its Cashless Today™ Program,XTMIF,https://www.prnewswire.com/news-releases/xtm-signs-service-inspired-restaurants-sircorp-to-its-cashless-today-program-301418613.html
2021-11-08 09:56:00," The Valens Company Completes Acquisition of Leading, Premium Craft Licensed Producer, Citizen Stash Cannabis Corp.",VLNCF,https://www.prnewswire.com/news-releases/the-valens-company-completes-acquisition-of-leading-premium-craft-licensed-producer-citizen-stash-cannabis-corp-301418608.html
2021-11-08 09:54:00, IMAX Enhanced to Launch on Disney+ with Titles from the Marvel Cinematic Universe in IMAX's Expanded Aspect Ratio,DIS,https://www.prnewswire.com/news-releases/imax-enhanced-to-launch-on-disney-with-titles-from-the-marvel-cinematic-universe-in-imaxs-expanded-aspect-ratio-301418605.html
2021-11-08 09:45:00, Nu Skin Named to Forbes List of World's Top Female Friendly Companies,NUS,https://www.prnewswire.com/news-releases/nu-skin-named-to-forbes-list-of-worlds-top-female-friendly-companies-301418590.html
2021-11-08 09:42:00, Khiron Life Sciences to Present at Upcoming November Investor Conferences,KHRNF,https://www.prnewswire.com/news-releases/khiron-life-sciences-to-present-at-upcoming-november-investor-conferences-301418586.html
2021-11-08 09:35:00," DEADLINE NEXT WEEK: The Honest Company, Inc. Investors with Substantial Losses Have Opportunity to Lead Class Action Lawsuit - HNST",HNST,https://www.prnewswire.com/news-releases/deadline-next-week-the-honest-company-inc-investors-with-substantial-losses-have-opportunity-to-lead-class-action-lawsuit--hnst-301417967.html
2021-11-08 09:30:00, TIME And Ally Financial Honor 47 Dealers,ALLY,https://www.prnewswire.com/news-releases/time-and-ally-financial-honor-47-dealers-301418446.html
2021-11-08 09:30:00, Boston Scientific Announces Upcoming Conference Schedule,BSX,https://www.prnewswire.com/news-releases/boston-scientific-announces-upcoming-conference-schedule-301417595.html
2021-11-08 09:30:00, Forrester Adds New Predictive Capability To Its FeedbackNow Solution To Help Businesses Proactively Anticipate And Address Customer Experience Issues,FORR,https://www.prnewswire.com/news-releases/forrester-adds-new-predictive-capability-to-its-feedbacknow-solution-to-help-businesses-proactively-anticipate-and-address-customer-experience-issues-301417931.html
2021-11-08 09:29:00," SeaWorld Proudly Supports Manatee Awareness Month, Providing Essential Role in Manatee Preservation and Completing Nearly 1,300 Rescues, Rehabilitations and Returns",SEAS,https://www.prnewswire.com/news-releases/seaworld-proudly-supports-manatee-awareness-month-providing-essential-role-in-manatee-preservation-and-completing-nearly-1-300-rescues-rehabilitations-and-returns-301418577.html
2021-11-08 09:26:00, Prescience Point Capital Management Releases Positive Findings Related To AerSale Corporation's Public Warrants,ASLE,https://www.prnewswire.com/news-releases/prescience-point-capital-management-releases-positive-findings-related-to-aersale-corporations-public-warrants-301418138.html
2021-11-08 09:23:00, Entergy Treasurer Steve McNeal to Retire; Barrett Green to Succeed McNeal,ETR,https://www.prnewswire.com/news-releases/entergy-treasurer-steve-mcneal-to-retire-barrett-green-to-succeed-mcneal-301418571.html
2021-11-08 09:21:00, Red Cat Holdings Expects Drone Industry to Benefit with Passage of Infrastructure Bill,RCAT,https://www.prnewswire.com/news-releases/red-cat-holdings-expects-drone-industry-to-benefit-with-passage-of-infrastructure-bill-301418566.html
2021-11-08 09:19:00, Rocket Mortgage Named Presenting Sponsor Of World Pro Ski Tour,RKT,https://www.prnewswire.com/news-releases/rocket-mortgage-named-presenting-sponsor-of-world-pro-ski-tour-301418563.html
2021-11-08 09:15:00, Senmiao Technology Announces $5 Million Private Placement,AIHS,https://www.prnewswire.com/news-releases/senmiao-technology-announces-5-million-private-placement-301418557.html
2021-11-08 09:15:00, Petros Pharmaceuticals Expands Program for Novel Investigational Non-Invasive Treatment Formulation for Peyronie's Disease,PTPI,https://www.prnewswire.com/news-releases/petros-pharmaceuticals-expands-program-for-novel-investigational-non-invasive-treatment-formulation-for-peyronies-disease-301418474.html
2021-11-08 09:12:00, Kulicke & Soffa Enhances Process Efficiency of its Advanced Display System - LUMINEX™,KLIC,https://www.prnewswire.com/news-releases/kulicke--soffa-enhances-process-efficiency-of-its-advanced-display-system---luminex-301418554.html
2021-11-08 09:10:00, Canacol Energy Ltd. announces the commencement of cash tender offer and consent solicitation with respect to its 2025 senior notes,CNNEF,https://www.prnewswire.com/news-releases/canacol-energy-ltd-announces-the-commencement-of-cash-tender-offer-and-consent-solicitation-with-respect-to-its-2025-senior-notes-301418546.html
2021-11-08 09:10:00, American Equity Selects SS&C as Strategic Loan Servicing Partner,SSNC,https://www.prnewswire.com/news-releases/american-equity-selects-ssc-as-strategic-loan-servicing-partner-301418548.html
2021-11-08 09:05:00," Red Robin Announces Opening of New Restaurant in Federal Way, Washington",RRGB,https://www.prnewswire.com/news-releases/red-robin-announces-opening-of-new-restaurant-in-federal-way-washington-301418523.html
2021-11-08 09:05:00, Flex Appoints Cameron Carr as Chief Strategy Officer,FLEX,https://www.prnewswire.com/news-releases/flex-appoints-cameron-carr-as-chief-strategy-officer-301418538.html
2021-11-08 09:00:00," Lowe's Unveils Measure Your Space(Beta), Using LiDAR To Take The Guesswork Out Of Home Improvement",LOW,https://www.prnewswire.com/news-releases/lowes-unveils-measure-your-spacebeta-using-lidar-to-take-the-guesswork-out-of-home-improvement-301418014.html
2021-11-08 09:00:00, MX Announces Integration With Q2's Digital Banking Platform,QTWO,https://www.prnewswire.com/news-releases/mx-announces-integration-with-q2s-digital-banking-platform-301417972.html
2021-11-08 09:00:00, Qualys to Speak at Upcoming Investor Conference,QLYS,https://www.prnewswire.com/news-releases/qualys-to-speak-at-upcoming-investor-conference-301418429.html
2021-11-08 09:00:00, SIMI Winery Partners With Reese's Book Club on Their First Wine Collaboration To Celebrate the Heroines of Today's Stories,STZ,https://www.prnewswire.com/news-releases/simi-winery-partners-with-reeses-book-club-on-their-first-wine-collaboration-to-celebrate-the-heroines-of-todays-stories-301418020.html
2021-11-08 09:00:00, Optimism Around Cryptocurrencies Continues to Grow Pushing Prices to New Highs,MARA,https://www.prnewswire.com/news-releases/optimism-around-cryptocurrencies-continues-to-grow-pushing-prices-to-new-highs-301418355.html
2021-11-08 09:00:00," Celebrity Cruises Continues Its ""Journey WonderFULL(SM)""",RCL,https://www.prnewswire.com/news-releases/celebrity-cruises-continues-its-journey-wonderfullsm-301418541.html
2021-11-08 09:00:00, MoneyGram Announces $15 Million Voluntary Term Loan Principal Repayment and $50 Million Stock Repurchase Program,MGI,https://www.prnewswire.com/news-releases/moneygram-announces-15-million-voluntary-term-loan-principal-repayment-and-50-million-stock-repurchase-program-301418510.html
2021-11-08 09:00:00, CIT Arranges Up to $58 Million to Refinance Four Container Ships,CIT,https://www.prnewswire.com/news-releases/cit-arranges-up-to-58-million-to-refinance-four-container-ships-301418243.html
2021-11-08 09:00:00, Ocrolus and Blend Announce Partnership to Automate End-to-End Mortgage Process,BLND,https://www.prnewswire.com/news-releases/ocrolus-and-blend-announce-partnership-to-automate-end-to-end-mortgage-process-301418169.html
2021-11-08 09:00:00, Black Knight Originations Market Monitor: Origination Activity Down 6% in October as Locks on Rate/Term Refinance Mortgages Drop Another 23%,BKI,https://www.prnewswire.com/news-releases/black-knight-originations-market-monitor-origination-activity-down-6-in-october-as-locks-on-rateterm-refinance-mortgages-drop-another-23-301418504.html
2021-11-08 09:00:00, Pure Storage Partners with Microsoft Azure to Speed Semiconductor Design,PSTG,https://www.prnewswire.com/news-releases/pure-storage-partners-with-microsoft-azure-to-speed-semiconductor-design-301418526.html
2021-11-08 09:00:00, Huntington Bancshares to Present at the 2021 Bank of America Securities Banking and Financials Conference,HBAN,https://www.prnewswire.com/news-releases/huntington-bancshares-to-present-at-the-2021-bank-of-america-securities-banking-and-financials-conference-301418240.html
2021-11-08 09:00:00, Centerspace Announces CFO Transition,CSR,https://www.prnewswire.com/news-releases/centerspace-announces-cfo-transition-301418100.html
2021-11-08 09:00:00, Oracle Opens First Cloud Region in France,ORCL,https://www.prnewswire.com/news-releases/oracle-opens-first-cloud-region-in-france-301418415.html
2021-11-08 09:00:00, Atlis Motor Vehicles Forms Strategic Partnership To Recycle Lithium-ion Batteries,LICY,https://www.prnewswire.com/news-releases/atlis-motor-vehicles-forms-strategic-partnership-to-recycle-lithium-ion-batteries-301417995.html
2021-11-08 09:00:00, Koppers Chief Financial Officer Michael Zugay Earns Career Achievement Award,KOP,https://www.prnewswire.com/news-releases/koppers-chief-financial-officer-michael-zugay-earns-career-achievement-award-301418534.html
2021-11-08 09:00:00, DURECT Corporation Announces Poster Presentation on the Prevalence of Hospitalized Alcohol-Associated Hepatitis (AH) Patients in the U.S. to be Presented at The Liver Meeting® 2021,DRRX,https://www.prnewswire.com/news-releases/durect-corporation-announces-poster-presentation-on-the-prevalence-of-hospitalized-alcohol-associated-hepatitis-ah-patients-in-the-us-to-be-presented-at-the-liver-meeting-2021-301418519.html
2021-11-08 09:00:00, Trulieve Announces Opening of West Virginia's First Medical Cannabis Dispensary,TCNNF,https://www.prnewswire.com/news-releases/trulieve-announces-opening-of-west-virginias-first-medical-cannabis-dispensary-301418540.html
2021-11-08 09:00:00, Leading Manufacturers Turn to Business Spend Management to Build Resilience,COUP,https://www.prnewswire.com/news-releases/leading-manufacturers-turn-to-business-spend-management-to-build-resilience-301418144.html
2021-11-08 09:00:00," Blackstone Portfolio Companies, Altus Power and Link Logistics, Awarded Approximately 35 MW of Community Solar Projects in New Jersey",CBAH,https://www.prnewswire.com/news-releases/blackstone-portfolio-companies-altus-power-and-link-logistics-awarded-approximately-35-mw-of-community-solar-projects-in-new-jersey-301418210.html
2021-11-08 09:00:00, Priority and OneDataSource Partner to Enhance onePAY Solution,PRTH,https://www.prnewswire.com/news-releases/priority-and-onedatasource-partner-to-enhance-onepay-solution-301418515.html
2021-11-08 09:00:00, Tanger Outlets Invites Families to Experience the Magic of the Holidays with The Elf on the Shelf®,SKT,https://www.prnewswire.com/news-releases/tanger-outlets-invites-families-to-experience-the-magic-of-the-holidays-with-the-elf-on-the-shelf-301418524.html
2021-11-08 09:00:00," 2U Announces Partnership with the National University of Singapore, One of Asia's Top-Ranked Global Universities, to Expand Online Professional Education",TWOU,https://www.prnewswire.com/news-releases/2u-announces-partnership-with-the-national-university-of-singapore-one-of-asias-top-ranked-global-universities-to-expand-online-professional-education-301418209.html
2021-11-08 09:00:00, Crypto Miners Seek to Ramp Up Activity as Digital Currency Utilization Grows,AGMH,https://www.prnewswire.com/news-releases/crypto-miners-seek-to-ramp-up-activity-as-digital-currency-utilization-grows-301418489.html
2021-11-08 08:50:00, Ethereum and Solana Hit New Record Highs on Rising Interest in NFTs and DeFi,VYGVF,https://www.prnewswire.com/news-releases/ethereum-and-solana-hit-new-record-highs-on-rising-interest-in-nfts-and-defi-301418532.html
2021-11-08 08:38:00, Hoth Therapeutics Inks API and Drug Product Contracts with WuXi STA to Advance Manufacturing of HT-KIT Cancer Therapeutic,HOTH,https://www.prnewswire.com/news-releases/hoth-therapeutics-inks-api-and-drug-product-contracts-with-wuxi-sta-to-advance-manufacturing-of-ht-kit-cancer-therapeutic-301418452.html
2021-11-08 08:35:00, World Copper to Webcast Live at VirtualInvestorConferences.com on November 10th,WCUFF,https://www.prnewswire.com/news-releases/world-copper-to-webcast-live-at-virtualinvestorconferencescom-on-november-10th-301418453.html
2021-11-08 08:35:00," Torq Resources to Webcast Live at Critical and Precious Metals Conference Thursday, November 10, 2021",TRBMF,https://www.prnewswire.com/news-releases/torq-resources-to-webcast-live-at-critical-and-precious-metals-conference-thursday-november-10-2021-301418483.html
2021-11-08 08:35:00, ATAC Resources Ltd. to Webcast Live at VirtualInvestorConferences.com November 10th,ATADF,https://www.prnewswire.com/news-releases/atac-resources-ltd-to-webcast-live-at-virtualinvestorconferencescom-november-10th-301418500.html
2021-11-08 08:35:00," Tier One Silver to Webcast Live at Critical and Precious Metals Conference Thursday, November 11, 2021",TSLVF,https://www.prnewswire.com/news-releases/tier-one-silver-to-webcast-live-at-critical-and-precious-metals-conference-thursday-november-11-2021-301418502.html
2021-11-08 08:35:00, Fabled Silver Gold Corp. to Webcast Live at VirtualInvestorConferences.com November 11th,FBSGF,https://www.prnewswire.com/news-releases/fabled-silver-gold-corp-to-webcast-live-at-virtualinvestorconferencescom-november-11th-301418442.html
2021-11-08 08:30:00, Consumers' Attitude Toward Housing Conditions Remains Mixed,FNMA,https://www.prnewswire.com/news-releases/consumers-attitude-toward-housing-conditions-remains-mixed-301417994.html
2021-11-08 08:30:00," Allergan, an AbbVie Company, to Present New Data from its Leading Eye Care Portfolio at the AAO (American Academy of Ophthalmology) 2021 Annual Meeting",ABBV,https://www.prnewswire.com/news-releases/allergan-an-abbvie-company-to-present-new-data-from-its-leading-eye-care-portfolio-at-the-aao-american-academy-of-ophthalmology-2021-annual-meeting-301418026.html
2021-11-08 08:30:00, Realty Income Announces Expiration And Final Results Of Exchange Offers And Consent Solicitations,O,https://www.prnewswire.com/news-releases/realty-income-announces-expiration-and-final-results-of-exchange-offers-and-consent-solicitations-301418436.html
2021-11-08 08:30:00," Ready Capital Closes in Excess of $725 Million in Bridge Financing During Third Quarter, More Than $2.2 Billion Year-to-Date",RC,https://www.prnewswire.com/news-releases/ready-capital-closes-in-excess-of-725-million-in-bridge-financing-during-third-quarter-more-than-2-2-billion-year-to-date-301417835.html
2021-11-08 08:30:00, Wyndham Hotels & Resorts Announces Five New Microtel Inn & Suites by Wyndham Hotels in Oregon,WH,https://www.prnewswire.com/news-releases/wyndham-hotels--resorts-announces-five-new-microtel-inn--suites-by-wyndham-hotels-in-oregon-301418491.html
2021-11-08 08:30:00," CBAK Energy to Report Third Quarter 2021 Unaudited Financial Results on Friday, November 12, 2021",CBAT,https://www.prnewswire.com/news-releases/cbak-energy-to-report-third-quarter-2021-unaudited-financial-results-on-friday-november-12-2021-301418308.html
2021-11-08 08:30:00, OpenText to Acquire Zix Corporation,OTEX,https://www.prnewswire.com/news-releases/opentext-to-acquire-zix-corporation-301418468.html
2021-11-08 08:30:00," Ideanomics Announces New Q&A Platform for Shareholders, Will Report Q3 Financial Results on November 15, 2021",IDEX,https://www.prnewswire.com/news-releases/ideanomics-announces-new-qa-platform-for-shareholders-will-report-q3-financial-results-on-november-15-2021-301418181.html
2021-11-08 08:29:00, Hotel Keihan Chain selects Sabre as its new technology partner to expand its global footprint and aid tourism industry recovery in Japan,SABR,https://www.prnewswire.com/news-releases/hotel-keihan-chain-selects-sabre-as-its-new-technology-partner-to-expand-its-global-footprint-and-aid-tourism-industry-recovery-in-japan-301418509.html
2021-11-08 08:28:00, EMBRAER S.A. - Notice to the Market,ERJ,https://www.prnewswire.com/news-releases/embraer-sa---notice-to-the-market-301418505.html
2021-11-08 08:20:00," Aviat Networks to Present at the Needham Virtual Security, Networking, and Communications Conference",AVNW,https://www.prnewswire.com/news-releases/aviat-networks-to-present-at-the-needham-virtual-security-networking-and-communications-conference-301418496.html
2021-11-08 08:12:00, Medtronic announces 2045 net zero emissions ambition to combat climate change,MDT,https://www.prnewswire.com/news-releases/medtronic-announces-2045-net-zero-emissions-ambition-to-combat-climate-change-301418486.html
2021-11-08 08:10:00, Oramed Announces Closing of $50 Million Registered Direct Offering of Common Stock Priced At-the-Market Under Nasdaq Rules,ORMP,https://www.prnewswire.com/news-releases/oramed-announces-closing-of-50-million-registered-direct-offering-of-common-stock-priced-at-the-market-under-nasdaq-rules-301418476.html
2021-11-08 08:01:00," WW Announces Global Launch of New PersonalPoints™ Program: A Revolutionary, Individualized Path To Weight Loss and Sustainable Healthy Living",WW,https://www.prnewswire.com/news-releases/ww-announces-global-launch-of-new-personalpoints-program-a-revolutionary-individualized-path-to-weight-loss-and-sustainable-healthy-living-301418229.html
2021-11-08 08:01:00, Jacobs Invests in Leading Geospatial Analytics Company HawkEye 360,J,https://www.prnewswire.com/news-releases/jacobs-invests-in-leading-geospatial-analytics-company-hawkeye-360-301418425.html
2021-11-08 08:01:00, Acurx Announces New Microbiome Data from Its Phase 2a Clinical Trial of Ibezapolstat for CDI at the 9th International C. diff. Conference,ACXP,https://www.prnewswire.com/news-releases/acurx-announces-new-microbiome-data-from-its-phase-2a-clinical-trial-of-ibezapolstat-for-cdi-at-the-9th-international-c-diff-conference-301417335.html
2021-11-08 08:00:00, U. S. Well Services Announces Third Quarter 2021 Earnings Release Date and Conference Call,USWS,https://www.prnewswire.com/news-releases/u-s-well-services-announces-third-quarter-2021-earnings-release-date-and-conference-call-301418379.html
2021-11-08 08:00:00," Brooks Automation Announces New Agreement With QTC Management, Inc. To Support The Military Reserve Health Readiness Program",BRKS,https://www.prnewswire.com/news-releases/brooks-automation-announces-new-agreement-with-qtc-management-inc-to-support-the-military-reserve-health-readiness-program-301418419.html
2021-11-08 08:00:00," eHealth, Inc. Announces Third Quarter 2021 Results",EHTH,https://www.prnewswire.com/news-releases/ehealth-inc-announces-third-quarter-2021-results-301418204.html
2021-11-08 08:00:00, White Mountains Reports Third Quarter Results,WTM,https://www.prnewswire.com/news-releases/white-mountains-reports-third-quarter-results-301418217.html
2021-11-08 08:00:00, Alaska Airlines launches partnership with travel2change to connect guests with volunteer experiences in the Hawaiian Islands,ALK,https://www.prnewswire.com/news-releases/alaska-airlines-launches-partnership-with-travel2change-to-connect-guests-with-volunteer-experiences-in-the-hawaiian-islands-301418422.html
2021-11-08 08:00:00, Silicon Motion Showcases Enterprise Flash Storage Innovation at OCP Global Summit 2021,SIMO,https://www.prnewswire.com/news-releases/silicon-motion-showcases-enterprise-flash-storage-innovation-at-ocp-global-summit-2021-301418339.html
2021-11-08 08:00:00, Arbe Appoints Veteran Chief Financial Officer Karine Pinto-Flomenboim,ARBE,https://www.prnewswire.com/news-releases/arbe-appoints-veteran-chief-financial-officer-karine-pinto-flomenboim-301418285.html
2021-11-08 08:00:00, JLL completes sale of iconic Naples Beach Hotel & Golf Club,JLL,https://www.prnewswire.com/news-releases/jll-completes-sale-of-iconic-naples-beach-hotel--golf-club-301418399.html
2021-11-08 08:00:00," Jiuzi Holdings, Inc. Provides Comments on Recent Policy and Gives Updates on Business Operation",JZXN,https://www.prnewswire.com/news-releases/jiuzi-holdings-inc-provides-comments-on-recent-policy-and-gives-updates-on-business-operation-301418289.html
2021-11-08 08:00:00, Helio Health and Fulgent Genetics Announce Late-Breaking Positive Performance Data of HelioLiver™ for Early Liver Cancer Detection,FLGT,https://www.prnewswire.com/news-releases/helio-health-and-fulgent-genetics-announce-late-breaking-positive-performance-data-of-helioliver-for-early-liver-cancer-detection-301418252.html
2021-11-08 08:00:00, NAPCO Announces First Quarter Fiscal 2022 Results,NSSC,https://www.prnewswire.com/news-releases/napco-announces-first-quarter-fiscal-2022-results-301418357.html
2021-11-08 08:00:00," Redfin Survey: 34% of Recent Movers Live in Single-Income Households, Up From 29% Before the Pandemic",RDFN,https://www.prnewswire.com/news-releases/redfin-survey-34-of-recent-movers-live-in-single-income-households-up-from-29-before-the-pandemic-301418416.html
2021-11-08 08:00:00, Arcadia Biosciences (RKDA) Announces Date of Third-Quarter 2021 Financial Results and Business Highlights Conference Call,RKDA,https://www.prnewswire.com/news-releases/arcadia-biosciences-rkda-announces-date-of-third-quarter-2021-financial-results-and-business-highlights-conference-call-301418411.html
2021-11-08 08:00:00," Pioneer Power Launches E-Boost© - Smart, Mobile EV Charging Solutions",PPSI,https://www.prnewswire.com/news-releases/pioneer-power-launches-e-boost---smart-mobile-ev-charging-solutions-301418438.html
2021-11-08 08:00:00, Amyris Announces JV Partnership With ImmunityBio For Next Generation COVID-19 RNA Vaccine,AMRS,https://www.prnewswire.com/news-releases/amyris-announces-jv-partnership-with-immunitybio-for-next-generation-covid-19-rna-vaccine-301418434.html
2021-11-08 08:00:00," Cracker Barrel Old Country Store, Inc. Names Craig Pommells As Chief Financial Officer",CBRL,https://www.prnewswire.com/news-releases/cracker-barrel-old-country-store-inc-names-craig-pommells-as-chief-financial-officer-301418110.html
2021-11-08 08:00:00," COMSovereign Holding Corp. to Host Third Quarter 2021 Results Conference Call on Monday, November 15, 2021 at 4:30 p.m. Eastern Time",COMS,https://www.prnewswire.com/news-releases/comsovereign-holding-corp-to-host-third-quarter-2021-results-conference-call-on-monday-november-15-2021-at-430-pm-eastern-time-301418427.html
2021-11-08 08:00:00, Icahn Enterprises L.P. Announces Management Changes,IEP,https://www.prnewswire.com/news-releases/icahn-enterprises-lp-announces-management-changes-301418418.html
2021-11-08 08:00:00, I-Mab and Roche Diagnostics Announce Strategic Collaboration to Co-Develop Companion Diagnostics Solutions for I-Mab's Innovative Pipeline at the 4th CIIE,IMAB,https://www.prnewswire.com/news-releases/i-mab-and-roche-diagnostics-announce-strategic-collaboration-to-co-develop-companion-diagnostics-solutions-for-i-mabs-innovative-pipeline-at-the-4th-ciie-301418346.html
2021-11-08 08:00:00," Color Star Technology Co., Ltd. (NASDAQ: CSCW) Posted Strong 2021 Fiscal Year Financial Results and is Fully Committed to the Development of Metaverse Entertainment Products",CSCW,https://www.prnewswire.com/news-releases/color-star-technology-co-ltd-nasdaq-cscw-posted-strong-2021-fiscal-year-financial-results-and-is-fully-committed-to-the-development-of-metaverse-entertainment-products-301418222.html
2021-11-08 08:00:00," Broadcom Inc. to Announce Fourth Quarter and Fiscal Year 2021 Financial Results on Thursday, December 9, 2021",AVGO,https://www.prnewswire.com/news-releases/broadcom-inc-to-announce-fourth-quarter-and-fiscal-year-2021-financial-results-on-thursday-december-9-2021-301418397.html
2021-11-08 08:00:00, Northwestern University and Invitae Present New Research Highlighting the Importance of Genetic Testing for Cardiovascular Conditions at the American Heart Association Scientific Sessions,NVTA,https://www.prnewswire.com/news-releases/northwestern-university-and-invitae-present-new-research-highlighting-the-importance-of-genetic-testing-for-cardiovascular-conditions-at-the-american-heart-association-scientific-sessions-301418400.html
2021-11-08 08:00:00, Ginkgo Bioworks Announces Date of Third Quarter 2021 Results Presentation,DNA,https://www.prnewswire.com/news-releases/ginkgo-bioworks-announces-date-of-third-quarter-2021-results-presentation-301418408.html
2021-11-08 08:00:00, Gates Industrial Reports Third-Quarter 2021 Results,GTES,https://www.prnewswire.com/news-releases/gates-industrial-reports-third-quarter-2021-results-301418094.html
2021-11-08 08:00:00, Farmmi Announces Latest Multi-Product Sales Win,FAMI,https://www.prnewswire.com/news-releases/farmmi-announces-latest-multi-product-sales-win-301418203.html
2021-11-08 08:00:00, Curis Announces First Patient Dosed in Phase 1/2 Study of CA-4948 Combination Therapy in Patients with Relapsed or Refractory Acute Myeloid Leukemia or High-Risk Myelodysplastic Syndromes,CRIS,https://www.prnewswire.com/news-releases/curis-announces-first-patient-dosed-in-phase-12-study-of-ca-4948-combination-therapy-in-patients-with-relapsed-or-refractory-acute-myeloid-leukemia-or-high-risk-myelodysplastic-syndromes-301418407.html
2021-11-08 08:00:00, Rebuy Joins Shopify Plus Certified App Program With Unequaled Classification and Smart Cart Solution,SHOP,https://www.prnewswire.com/news-releases/rebuy-joins-shopify-plus-certified-app-program-with-unequaled-classification-and-smart-cart-solution-301417188.html
2021-11-08 08:00:00," Economist Impact Launches Global Index on City Water Optimization, Sponsored by DuPont",DD,https://www.prnewswire.com/news-releases/economist-impact-launches-global-index-on-city-water-optimization-sponsored-by-dupont-301418130.html
2021-11-08 08:00:00, Nisun International Announces Strategic Cooperation with Zhumadian Industry Investment Group to Establish New Supply Chain Joint Venture in Zhumadian City,NISN,https://www.prnewswire.com/news-releases/nisun-international-announces-strategic-cooperation-with-zhumadian-industry-investment-group-to-establish-new-supply-chain-joint-venture-in-zhumadian-city-301418213.html
2021-11-08 08:00:00, BlackBerry to Host Virtual Cybersecurity Fireside Chat with John Giamatteo,BB,https://www.prnewswire.com/news-releases/blackberry-to-host-virtual-cybersecurity-fireside-chat-with-john-giamatteo-301418367.html
2021-11-08 08:00:00, AllianceBernstein Adds Jackson to its Lifetime Income Strategy Multi-Insurer Platform,AB,https://www.prnewswire.com/news-releases/alliancebernstein-adds-jackson-to-its-lifetime-income-strategy-multi-insurer-platform-301418409.html
2021-11-08 08:00:00, Serve Robotics and Uber Expand Partnership to Bring Robotic Delivery to Uber Eats,UBER,https://www.prnewswire.com/news-releases/serve-robotics-and-uber-expand-partnership-to-bring-robotic-delivery-to-uber-eats-301418245.html
2021-11-08 08:00:00, Q BioMed Bolsters Commercialization of Strontium89 with EVERSANA Partnership,QBIO,https://www.prnewswire.com/news-releases/q-biomed-bolsters-commercialization-of-strontium89-with-eversana-partnership-301418045.html
2021-11-08 08:00:00, The Wendy's Company Announces Addition of Richard H. Gomez to Board of Directors,WEN,https://www.prnewswire.com/news-releases/the-wendys-company-announces-addition-of-richard-h-gomez-to-board-of-directors-301417988.html
2021-11-08 08:00:00, SAP Releases New Solution to Accelerate the Circular Economy,SAP,https://www.prnewswire.com/news-releases/sap-releases-new-solution-to-accelerate-the-circular-economy-301418384.html
2021-11-08 08:00:00, Seelos Therapeutics Announces FDA Acceptance of Investigational New Drug Application and Grant of Fast Track Designation for SLS-005 (IV Trehalose) for the Treatment of Spinocerebellar Ataxia,SEEL,https://www.prnewswire.com/news-releases/seelos-therapeutics-announces-fda-acceptance-of-investigational-new-drug-application-and-grant-of-fast-track-designation-for-sls-005-iv-trehalose-for-the-treatment-of-spinocerebellar-ataxia-301417731.html
2021-11-08 08:00:00," ATI Physical Therapy Expands to Growing Houston Market with Acquisition of Hope Rehab Katy in Katy, TX",ATIP,https://www.prnewswire.com/news-releases/ati-physical-therapy-expands-to-growing-houston-market-with-acquisition-of-hope-rehab-katy-in-katy-tx-301418064.html
2021-11-08 08:00:00, DDC Enterprise Limited and Ace Global Business Acquisition Limited Announce Initial Filing of Preliminary Proxy Statement in Connection with Proposed Business Combination,ACBA,https://www.prnewswire.com/news-releases/ddc-enterprise-limited-and-ace-global-business-acquisition-limited-announce-initial-filing-of-preliminary-proxy-statement-in-connection-with-proposed-business-combination-301418426.html
2021-11-08 08:00:00, NRI Runs Mission Critical Financial SaaS on Oracle Cloud Infrastructure and Accelerates Digital Transformation,ORCL,https://www.prnewswire.com/news-releases/nri-runs-mission-critical-financial-saas-on-oracle-cloud-infrastructure-and-accelerates-digital-transformation-301417864.html
2021-11-08 08:00:00, Exro Technologies Announces Application to List on Nasdaq,EXROF,https://www.prnewswire.com/news-releases/exro-technologies-announces-application-to-list-on-nasdaq-301418059.html
2021-11-08 08:00:00, Biotech Acquisition Company and Blade Therapeutics Announce Definitive Merger Agreement,BIOT,https://www.prnewswire.com/news-releases/biotech-acquisition-company-and-blade-therapeutics-announce-definitive-merger-agreement-301418172.html
2021-11-08 08:00:00, BARDA and Clarivate Partner to Identify Therapeutics Which Can Be Repurposed as Medical Countermeasures to Chemical Exposure,CLVT,https://www.prnewswire.com/news-releases/barda-and-clarivate-partner-to-identify-therapeutics-which-can-be-repurposed-as-medical-countermeasures-to-chemical-exposure-301417742.html
2021-11-08 07:50:00, MIND Technology Commences Public Offering of 9.00% Series A Cumulative Preferred Stock,MIND,https://www.prnewswire.com/news-releases/mind-technology-commences-public-offering-of-9-00-series-a-cumulative-preferred-stock-301418466.html
2021-11-08 07:50:00, DISH Network Announces Secured Debt Offering,DISH,https://www.prnewswire.com/news-releases/dish-network-announces-secured-debt-offering-301418470.html
2021-11-08 07:45:00, Voyager Token Integrated Into Coinify's Global Crypto Payment Platform,VYGVF,https://www.prnewswire.com/news-releases/voyager-token-integrated-into-coinifys-global-crypto-payment-platform-301418298.html
2021-11-08 07:30:00, Soligenix Granted Pediatric Investigational Plan Waiver for HyBryte™ in CTCL in the United Kingdom,SNGX,https://www.prnewswire.com/news-releases/soligenix-granted-pediatric-investigational-plan-waiver-for-hybryte-in-ctcl-in-the-united-kingdom-301418320.html
2021-11-08 07:30:00, GT Biopharma Announces Executive Leadership Transition to Implement Next Phase of Strategic Journey,GTBP,https://www.prnewswire.com/news-releases/gt-biopharma-announces-executive-leadership-transition-to-implement-next-phase-of-strategic-journey-301418345.html
2021-11-08 07:30:00," Chemours Launches School Partnership Program, ChemFEST",CC,https://www.prnewswire.com/news-releases/chemours-launches-school-partnership-program-chemfest-301418334.html
2021-11-08 07:30:00, BB Energy closes first U.S. Digital Revolving Borrowing Base Credit Facility through Komgo Blockchain Partnership,,https://www.prnewswire.com/news-releases/bb-energy-closes-first-us-digital-revolving-borrowing-base-credit-facility-through-komgo-blockchain-partnership-301418338.html
2021-11-08 07:30:00," Endo Announces Agreement with Premier to Supply VASOSTRICT® (vasopressin injection, USP) Vials, Essential for COVID-19 Care",ENDP,https://www.prnewswire.com/news-releases/endo-announces-agreement-with-premier-to-supply-vasostrict-vasopressin-injection-usp-vials-essential-for-covid-19-care-301418174.html
2021-11-08 07:30:00, Alliance Data Completes Spinoff of LoyaltyOne Segment,ADS,https://www.prnewswire.com/news-releases/alliance-data-completes-spinoff-of-loyaltyone-segment-301418326.html
2021-11-08 07:30:00, The Real Brokerage Inc. Appoints Katharine Mobley as Chief Marketing Officer,REAX,https://www.prnewswire.com/news-releases/the-real-brokerage-inc-appoints-katharine-mobley-as-chief-marketing-officer-301418323.html
2021-11-08 07:30:00, Galmed Pharmaceuticals Provides Additional Positive Data from the Open Label Part of ARMOR Study and Reports Third Quarter 2021 Financial Results,GLMD,https://www.prnewswire.com/news-releases/galmed-pharmaceuticals-provides-additional-positive-data-from-the-open-label-part-of-armor-study-and-reports-third-quarter-2021-financial-results-301418394.html
2021-11-08 07:30:00, The Real Brokerage Inc. Appoints Katharine Mobley as Chief Marketing Officer,REAX,https://www.prnewswire.com/news-releases/the-real-brokerage-inc-appoints-katharine-mobley-as-chief-marketing-officer-301418323.html
2021-11-08 07:14:00, Sun Life increases common shareholders' dividend payable in December 2021 by 20%,SLF,https://www.prnewswire.com/news-releases/sun-life-increases-common-shareholders-dividend-payable-in-december-2021-by-20-301418435.html
2021-11-08 07:08:00, CECO Environmental Announces Appointment of Richard F. Wallman to its Board of Directors,CECE,https://www.prnewswire.com/news-releases/ceco-environmental-announces-appointment-of-richard-f-wallman-to-its-board-of-directors-301418315.html
2021-11-08 07:05:00, CECO Environmental Reports Third Quarter and Year-to-Date 2021 Results,CECE,https://www.prnewswire.com/news-releases/ceco-environmental-reports-third-quarter-and-year-to-date-2021-results-301418095.html
2021-11-08 07:05:00, Viasat Releases Second Quarter Fiscal Year 2022 Financial Results,VSAT,https://www.prnewswire.com/news-releases/viasat-releases-second-quarter-fiscal-year-2022-financial-results-301418311.html
2021-11-08 07:00:00," Chemomab Therapeutics Names Donald R. Marvin Chief Financial Officer, Executive Vice President and Chief Operating Officer",CMMB,https://www.prnewswire.com/news-releases/chemomab-therapeutics-names-donald-r-marvin-chief-financial-officer-executive-vice-president-and-chief-operating-officer-301418242.html
2021-11-08 07:00:00, RedHill Biopharma and South Korea's Kukbo Co. Announce a Strategic Investment of Up To $10 Million in RedHill,RDHL,https://www.prnewswire.com/news-releases/redhill-biopharma-and-south-koreas-kukbo-co-announce-a-strategic-investment-of-up-to-10-million-in-redhill-301418375.html
2021-11-08 07:00:00, MOV.AI appoints Liat Soffer as CFO to support scaling its business,BCLI,https://www.prnewswire.com/news-releases/movai-appoints-liat-soffer-as-cfo-to-support-scaling-its-business-301418412.html
2021-11-08 07:00:00," Syndax to Announce Third Quarter 2021 Financial Results and Host Conference Call and Webcast on November 15, 2021",SNDX,https://www.prnewswire.com/news-releases/syndax-to-announce-third-quarter-2021-financial-results-and-host-conference-call-and-webcast-on-november-15-2021-301418269.html
2021-11-08 07:00:00, Canadian Solar Wins 52 MWp Solar Project in Colombian Public Tender,CSIQ,https://www.prnewswire.com/news-releases/canadian-solar-wins-52-mwp-solar-project-in-colombian-public-tender-301418302.html
2021-11-08 07:00:00," Aurora Cannabis Acquires a Significant Equity Stake in Growery B.V., One of 10 Successful Applicants for a Cannabis Production Licence in the Netherlands",ACB,https://www.prnewswire.com/news-releases/aurora-cannabis-acquires-a-significant-equity-stake-in-growery-bv-one-of-10-successful-applicants-for-a-cannabis-production-licence-in-the-netherlands-301418031.html
2021-11-08 07:00:00, REGENXBIO to Participate in Upcoming Investor Conferences,RGNX,https://www.prnewswire.com/news-releases/regenxbio-to-participate-in-upcoming-investor-conferences-301418127.html
2021-11-08 07:00:00, WOW! Reports Third Quarter 2021 Results,WOW,https://www.prnewswire.com/news-releases/wow-reports-third-quarter-2021-results-301417961.html
2021-11-08 07:00:00, OTC Markets Group Welcomes IronRidge Resources Limited to OTCQX,OTCM,https://www.prnewswire.com/news-releases/otc-markets-group-welcomes-ironridge-resources-limited-to-otcqx-301418145.html
2021-11-08 07:00:00, Scienjoy Announces Results of Annual General Meeting of Shareholders for Fiscal Year 2021,SJ,https://www.prnewswire.com/news-releases/scienjoy-announces-results-of-annual-general-meeting-of-shareholders-for-fiscal-year-2021-301418141.html
2021-11-08 07:00:00, Black Knight Reports Third Quarter 2021 Financial Results,BKI,https://www.prnewswire.com/news-releases/black-knight-reports-third-quarter-2021-financial-results-301418106.html
2021-11-08 07:00:00, S&P Global Market Intelligence 2022 banking industry outlook says pandemic response proves double-edged sword for U.S. banks,SPGI,https://www.prnewswire.com/news-releases/sp-global-market-intelligence-2022-banking-industry-outlook-says-pandemic-response-proves-double-edged-sword-for-us-banks-301418321.html
2021-11-08 07:00:00, Galmed Announces New Positive Data from Ongoing ARMOR Study Open Label Part Showing Clinically Significant Effect on Fibrosis Improvement,GLMD,https://www.prnewswire.com/news-releases/galmed-announces-new-positive-data-from-ongoing-armor-study-open-label-part-showing-clinically-significant-effect-on-fibrosis-improvement-301418391.html
2021-11-08 07:00:00, Curaleaf Expands its Presence in Three Key Growth Markets with Acquisition of Tryke Companies,CURLF,https://www.prnewswire.com/news-releases/curaleaf-expands-its-presence-in-three-key-growth-markets-with-acquisition-of-tryke-companies-301418389.html
2021-11-08 07:00:00, Compugen to Present at Upcoming Investor Conferences,CGEN,https://www.prnewswire.com/news-releases/compugen-to-present-at-upcoming-investor-conferences-301418299.html
2021-11-08 07:00:00, ESSA Pharma to Participate in Three Upcoming Investor Conferences,EPIX,https://www.prnewswire.com/news-releases/essa-pharma-to-participate-in-three-upcoming-investor-conferences-301418273.html
2021-11-08 07:00:00, New Phase 3 Analyses Show That a Single Dose of REGEN-COV® (casirivimab and imdevimab) Provides Long-term Protection Against COVID-19,,https://www.prnewswire.com/news-releases/new-phase-3-analyses-show-that-a-single-dose-of-regen-cov-casirivimab-and-imdevimab-provides-long-term-protection-against-covid-19-301418179.html
2021-11-08 07:00:00, / R E P E A T -- First Cobalt Unveils Strategic Shift to Make Battery Precursor and Nickel Sulfate; Changes Name to Electra Battery Materials/,FTSSF,https://www.prnewswire.com/news-releases/-r-e-p-e-a-t----first-cobalt-unveils-strategic-shift-to-make-battery-precursor-and-nickel-sulfate-changes-name-to-electra-battery-materials-301418270.html
2021-11-08 07:00:00, Asuragen Launches New Kit to Enable Broader Coverage of Gene Variants Linked to Cystic Fibrosis,TECH,https://www.prnewswire.com/news-releases/asuragen-launches-new-kit-to-enable-broader-coverage-of-gene-variants-linked-to-cystic-fibrosis-301418288.html
2021-11-08 07:00:00, GreenPower Motor Company Announces OEM Agreement with Autonomous Vehicle Technology Provider Perrone Robotics,GP,https://www.prnewswire.com/news-releases/greenpower-motor-company-announces-oem-agreement-with-autonomous-vehicle-technology-provider-perrone-robotics-301418121.html
2021-11-08 07:00:00," CHEERS Data Middle Platform Recognized as ""Outstanding Example of Enterprise Digitalization in China""",GSMG,https://www.prnewswire.com/news-releases/cheers-data-middle-platform-recognized-as-outstanding-example-of-enterprise-digitalization-in-china-301418246.html
2021-11-08 07:00:00, BrainStorm Cell Therapeutics Expands Leadership Team to Support Clinical Development and Medical Affairs,BCLI,https://www.prnewswire.com/news-releases/brainstorm-cell-therapeutics-expands-leadership-team-to-support-clinical-development-and-medical-affairs-301418359.html
2021-11-08 07:00:00," Viasat and Inmarsat to Combine, Creating a New Leading Global Communications Innovator",VSAT,https://www.prnewswire.com/news-releases/viasat-and-inmarsat-to-combine-creating-a-new-leading-global-communications-innovator-301418348.html
2021-11-08 07:00:00," REMINDER: CEVA, Inc. Third Quarter 2021 Earnings Release and Conference Call Scheduled for November 9th",CEVA,https://www.prnewswire.com/news-releases/reminder-ceva-inc-third-quarter-2021-earnings-release-and-conference-call-scheduled-for-november-9th-301418312.html
2021-11-08 06:59:00," Viatris Reports Strong Third Quarter Results, Raises 2021 Financial Guidance and Announces Virtual Investor Event on January 7, 2022",VTRS,https://www.prnewswire.com/news-releases/viatris-reports-strong-third-quarter-results-raises-2021-financial-guidance-and-announces-virtual-investor-event-on-january-7-2022-301418190.html
2021-11-08 06:55:00, MasTec Senior Management to Present at the 2021 Baird Global Industrial Investor Conference,MTZ,https://www.prnewswire.com/news-releases/mastec-senior-management-to-present-at-the-2021-baird-global-industrial-investor-conference-301417741.html
2021-11-08 06:46:00," TreeHouse Foods, Inc. Reports Third Quarter 2021 Results",THS,https://www.prnewswire.com/news-releases/treehouse-foods-inc-reports-third-quarter-2021-results-301418048.html
2021-11-08 06:45:00, IGT Appoints Gil Rotem as President of iGaming,IGT,https://www.prnewswire.com/news-releases/igt-appoints-gil-rotem-as-president-of-igaming-301418071.html
2021-11-08 06:45:00," Rivernorth Opportunities Fund, Inc. Announces Preliminary Results Of Rights Offering",RIV,https://www.prnewswire.com/news-releases/rivernorth-opportunities-fund-inc-announces-preliminary-results-of-rights-offering-301418133.html
2021-11-08 06:45:00, TreeHouse Foods Exploring Strategic Alternatives to Maximize Value,THS,https://www.prnewswire.com/news-releases/treehouse-foods-exploring-strategic-alternatives-to-maximize-value-301418099.html
2021-11-08 06:40:00," DarioHealth to Report Third Quarter 2021 Results on Monday, November 15",DRIO,https://www.prnewswire.com/news-releases/dariohealth-to-report-third-quarter-2021-results-on-monday-november-15-301418310.html
2021-11-08 06:35:00, Zelman & Associates Expands Research Team with Senior Rental Housing Expert,WD,https://www.prnewswire.com/news-releases/zelman--associates-expands-research-team-with-senior-rental-housing-expert-301418201.html
2021-11-08 06:30:00, Trimble Establishes Dr. Gladys West Scholarship Program,TRMB,https://www.prnewswire.com/news-releases/trimble-establishes-dr-gladys-west-scholarship-program-301418280.html
2021-11-08 06:30:00, Akamai Redefines WAAP Simplicity and Automation with New App & API Protector,AKAM,https://www.prnewswire.com/news-releases/akamai-redefines-waap-simplicity-and-automation-with-new-app--api-protector-301417763.html
2021-11-08 06:30:00," Ting launches next-generation fiber internet in Dover, Idaho",TCX,https://www.prnewswire.com/news-releases/ting-launches-next-generation-fiber-internet-in-dover-idaho-301417794.html
2021-11-08 06:30:00," AZZ Inc. to Present at the Baird 2021 Global Industrial Conference on November 10, 2021",AZZ,https://www.prnewswire.com/news-releases/azz-inc-to-present-at-the-baird-2021-global-industrial-conference-on-november-10-2021-301418208.html
2021-11-08 06:04:00, Wyndham Hotels & Resorts Enters Agreement Concerning CorePoint Lodging Hotel Management Contracts,WH,https://www.prnewswire.com/news-releases/wyndham-hotels--resorts-enters-agreement-concerning-corepoint-lodging-hotel-management-contracts-301418369.html
2021-11-08 06:00:00," Marriott Vacations Worldwide (""MVW"") Reports Third Quarter 2021 Financial Results",VAC,https://www.prnewswire.com/news-releases/marriott-vacations-worldwide-mvw-reports-third-quarter-2021-financial-results-301418040.html
2021-11-08 06:00:00, Hexaware Technologies Partners with Duck Creek Technologies to Accelerate Digital Transformation for Insurers,DCT,https://www.prnewswire.com/news-releases/hexaware-technologies-partners-with-duck-creek-technologies-to-accelerate-digital-transformation-for-insurers-301418284.html
2021-11-08 06:00:00, Macerich and Life Time Announce Luxury Life Time Athletic Resort for Scottsdale Fashion Square,MAC,https://www.prnewswire.com/news-releases/macerich-and-life-time-announce-luxury-life-time-athletic-resort-for-scottsdale-fashion-square-301418251.html
2021-11-08 06:00:00, Sequans to Participate in the 10th Annual Roth Technology Conference,SQNS,https://www.prnewswire.com/news-releases/sequans-to-participate-in-the-10th-annual-roth-technology-conference-301418005.html
2021-11-08 06:00:00," FiscalNote, A Leading AI-Driven Enterprise SaaS Company that Delivers Legal and Regulatory Data and Insights, Announces Plans to Become Publicly Traded on Nasdaq Via Merger with Duddell Street Acquisition Corp.",DSAC,https://www.prnewswire.com/news-releases/fiscalnote-a-leading-ai-driven-enterprise-saas-company-that-delivers-legal-and-regulatory-data-and-insights-announces-plans-to-become-publicly-traded-on-nasdaq-via-merger-with-duddell-street-acquisition-corp-301418336.html
2021-11-08 06:00:00," Ceragon to Renew & Maintain the Wireless Transport Network Infrastructure for RAI WAY, Italy's National TV and Radio Network Provider",CRNT,https://www.prnewswire.com/news-releases/ceragon-to-renew--maintain-the-wireless-transport-network-infrastructure-for-rai-way-italys-national-tv-and-radio-network-provider-301418301.html
2021-11-08 05:00:00," Autohome Inc. to Announce Third Quarter 2021 Financial Results on November 18, 2021",ATHM,https://www.prnewswire.com/news-releases/autohome-inc-to-announce-third-quarter-2021-financial-results-on-november-18-2021-301418291.html
2021-11-08 04:00:00, Youdao to Report Third Quarter 2021 Financial Results on November 16,DAO,https://www.prnewswire.com/news-releases/youdao-to-report-third-quarter-2021-financial-results-on-november-16-301418267.html
2021-11-08 04:00:00," Vipshop to Announce Third Quarter 2021 Financial Results on November 18, 2021",VIPS,https://www.prnewswire.com/news-releases/vipshop-to-announce-third-quarter-2021-financial-results-on-november-18-2021-301418293.html
2021-11-08 03:51:00, Graphic Packaging Announces Proposed Senior Notes Offering,GPK,https://www.prnewswire.com/news-releases/graphic-packaging-announces-proposed-senior-notes-offering-301418307.html
2021-11-08 03:49:00, Dada Now Rolls out A Panorama of its On-Demand Warehousing-Picking-Delivery Services,DADA,https://www.prnewswire.com/news-releases/dada-now-rolls-out-a-panorama-of-its-on-demand-warehousing-picking-delivery-services-301418305.html
2021-11-08 03:32:00," Sisco Sapena buys 41,000 shares of Lleida.net in a transaction of almost 200,000 euros",LLEIF,https://www.prnewswire.com/news-releases/sisco-sapena-buys-41-000-shares-of-lleidanet-in-a-transaction-of-almost-200-000-euros-301418294.html
2021-11-08 03:30:00, BMO completes sale of EMEA Asset Management business,BMO,https://www.prnewswire.com/news-releases/bmo-completes-sale-of-emea-asset-management-business-301418292.html
2021-11-08 03:01:00, Clean Air Metals Announces the Appointment of Mr. Shannin Metatawabin to the Board of Directors,CLRMF,https://www.prnewswire.com/news-releases/clean-air-metals-announces-the-appointment-of-mr-shannin-metatawabin-to-the-board-of-directors-301418215.html
2021-11-08 03:00:00," Full Truck Alliance Co. Ltd. to Announce Third Quarter 2021 Financial Results on Thursday, November 18, 2021",YMM,https://www.prnewswire.com/news-releases/full-truck-alliance-co-ltd-to-announce-third-quarter-2021-financial-results-on-thursday-november-18-2021-301418277.html
2021-11-08 03:00:00, S&P Global Market Intelligence commodities outlook projects global metals sector set to continue rebound in 2022 amid driving growth in electronic vehicles energy transition in key markets,SPGI,https://www.prnewswire.com/news-releases/sp-global-market-intelligence-commodities-outlook-projects-global-metals-sector-set-to-continue-rebound-in-2022-amid-driving-growth-in-electronic-vehicles-energy-transition-in-key-markets-301418237.html
2021-11-08 02:54:00, ChipMOS REPORTS THIRD QUARTER 2021 RESULTS,IMOS,https://www.prnewswire.com/news-releases/chipmos-reports-third-quarter-2021-results-301418282.html
2021-11-08 02:35:00, ChipMOS REPORTS OCTOBER 2021 REVENUE INCREASES 10.7% YoY,IMOS,https://www.prnewswire.com/news-releases/chipmos-reports-october-2021-revenue-increases-10-7-yoy-301418207.html
2021-11-08 02:30:00," Elbit Systems Joint Venture, Affinity, Awarded $88 Million Contract for Operating Additional Training Aircraft for the Royal Air Force",ESLT,https://www.prnewswire.com/news-releases/elbit-systems-joint-venture-affinity-awarded-88-million-contract-for-operating-additional-training-aircraft-for-the-royal-air-force-301418271.html
2021-11-07 23:28:00, Hong Kong FinTech Week 2021: OneConnect Underscores Importance of FinTech to Greater Bay Area Development,OCFT,https://www.prnewswire.com/news-releases/hong-kong-fintech-week-2021-oneconnect-underscores-importance-of-fintech-to-greater-bay-area-development-301418205.html
2021-11-07 16:15:00," ROSEN, GLOBAL INVESTOR COUNSEL, Encourages The Boston Beer Company, Inc. Investors with Losses in Excess of $100K to Secure Counsel Before Important November 15 Deadline in Securities Class Action - SAM",SAM,https://www.prnewswire.com/news-releases/rosen-global-investor-counsel-encourages-the-boston-beer-company-inc-investors-with-losses-in-excess-of-100k-to-secure-counsel-before-important-november-15-deadline-in-securities-class-action--sam-301417889.html
2021-11-07 15:15:00," ROSEN, A LEADING NATIONAL FIRM, Encourages The Honest Company, Inc. Investors with Losses in Excess of $100K to Secure Counsel Before Important November 15 Deadline in Securities Class Action - HNST",HNST,https://www.prnewswire.com/news-releases/rosen-a-leading-national-firm-encourages-the-honest-company-inc-investors-with-losses-in-excess-of-100k-to-secure-counsel-before-important-november-15-deadline-in-securities-class-action--hnst-301417874.html
2021-11-07 14:15:00," ROSEN, A LEADING AND LONGSTANDING FIRM, Encourages Hyzon Motors Inc. f/k/a Decarbonization Plus Acquisition Corporation Investors with Losses to Secure Counsel Before Important Deadline in Securities Class Action - HYZN, HYZNW, DCRB, DCRBW, DCRBU",HYZN,https://www.prnewswire.com/news-releases/rosen-a-leading-and-longstanding-firm-encourages-hyzon-motors-inc-fka-decarbonization-plus-acquisition-corporation-investors-with-losses-to-secure-counsel-before-important-deadline-in-securities-class-action--hyzn-hyznw-dc-301417885.html
2021-11-07 14:00:00, First Cobalt Unveils Strategic Shift to Make Battery Precursor and Nickel Sulfate; Changes Name to Electra Battery Materials,FTSSF,https://www.prnewswire.com/news-releases/first-cobalt-unveils-strategic-shift-to-make-battery-precursor-and-nickel-sulfate-changes-name-to-electra-battery-materials-301418078.html
2021-11-07 13:45:00," ROSEN, A LONGSTANDING LAW FIRM, Encourages Höegh LNG Partners LP Investors with Losses in Excess of $100K to Secure Counsel Before Important Deadline in Securities Class Action Commenced by the Firm - HMLP",HMLP,https://www.prnewswire.com/news-releases/rosen-a-longstanding-law-firm-encourages-hoegh-lng-partners-lp-investors-with-losses-in-excess-of-100k-to-secure-counsel-before-important-deadline-in-securities-class-action-commenced-by-the-firm--hmlp-301417872.html
2021-11-07 12:00:00," FirstEnergy Announces Transformative $3.4 Billion of Equity Financings, Introduces Long-Term Earnings Growth Rate of 6-8%",FE,https://www.prnewswire.com/news-releases/firstenergy-announces-transformative-3-4-billion-of-equity-financings-introduces-long-term-earnings-growth-rate-of-6-8-301418068.html
2021-11-07 07:05:00, Phase 2 study results of Ionis' novel antisense treatment for hereditary angioedema to be presented at ACAAI annual meeting,IONS,https://www.prnewswire.com/news-releases/phase-2-study-results-of-ionis-novel-antisense-treatment-for-hereditary-angioedema-to-be-presented-at-acaai-annual-meeting-301418049.html
2021-11-07 02:35:00," Elbit Systems Schedules Third Quarter 2021 Results Release For November 23, 2021",ESLT,https://www.prnewswire.com/news-releases/elbit-systems-schedules-third-quarter-2021-results-release-for-november-23-2021-301418052.html
2021-11-06 15:06:00," CEI DEADLINE: Camber Energy, Inc. Investors with Substantial Losses Have Opportunity to Lead Class Action Lawsuit",CEI,https://www.prnewswire.com/news-releases/cei-deadline-camber-energy-inc-investors-with-substantial-losses-have-opportunity-to-lead-class-action-lawsuit-301417969.html
2021-11-06 15:05:00," ONTF DEADLINE: ON24, Inc. Investors with Substantial Losses Have Opportunity to Lead Class Action Lawsuit",ONTF,https://www.prnewswire.com/news-releases/ontf-deadline-on24-inc-investors-with-substantial-losses-have-opportunity-to-lead-class-action-lawsuit-301417964.html
2021-11-06 14:20:00, Record-Breaking Day At The CNO Financial Indianapolis Monumental Marathon,CNO,https://www.prnewswire.com/news-releases/record-breaking-day-at-the-cno-financial-indianapolis-monumental-marathon-301418030.html
2021-11-06 13:47:00, Edwards Announces Six-month Data From Transcatheter Tricuspid Replacement Program,EW,https://www.prnewswire.com/news-releases/edwards-announces-six-month-data-from-transcatheter-tricuspid-replacement-program-301417986.html
2021-11-06 13:34:00, Medtronic announces early data for the Intrepid™ transcatheter mitral valve replacement (TMVR) system using new transfemoral delivery system,MDT,https://www.prnewswire.com/news-releases/medtronic-announces-early-data-for-the-intrepid-transcatheter-mitral-valve-replacement-tmvr-system-using-new-transfemoral-delivery-system-301418000.html
2021-11-06 13:22:00," Did You Purchase Stock Between March 22, 2021 and March 29, 2021? Johnson Fistel Investigates Goldman Sachs and Morgan Stanley on Behalf of Investors for Insider Trading",BIDU,https://www.prnewswire.com/news-releases/did-you-purchase-stock-between-march-22-2021-and-march-29-2021-johnson-fistel-investigates-goldman-sachs-and-morgan-stanley-on-behalf-of-investors-for-insider-trading-301418027.html
2021-11-06 13:05:00," SHAREHOLDER INVESTIGATION: Halper Sadeh LLP Investigates DWSN, KRA, MNTV, FVCB, ESBK; Shareholders are Encouraged to Contact the Firm",DWSN,https://www.prnewswire.com/news-releases/shareholder-investigation-halper-sadeh-llp-investigates-dwsn-kra-mntv-fvcb-esbk-shareholders-are-encouraged-to-contact-the-firm-301418025.html
2021-11-06 12:53:00," SHAREHOLDER INVESTIGATION: Halper Sadeh LLP Investigates PAE, PTRS, NPTN, ZEN, MNR; Shareholders are Encouraged to Contact the Firm",PAE,https://www.prnewswire.com/news-releases/shareholder-investigation-halper-sadeh-llp-investigates-pae-ptrs-nptn-zen-mnr-shareholders-are-encouraged-to-contact-the-firm-301418024.html
2021-11-06 11:10:00," LEAD PLAINTIFF DEADLINE: Johnson Fistel, LLP Encourages Investors With Substantial Losses to Contact the Firm",LDI,https://www.prnewswire.com/news-releases/lead-plaintiff-deadline-johnson-fistel-llp-encourages-investors-with-substantial-losses-to-contact-the-firm-301418017.html
2021-11-06 10:46:00," ROSEN, A LEADING LAW FIRM, Encourages AppHarvest, Inc. Investors With Losses Over $100K to Secure Counsel Before Important November 23 Deadline in Securities Class Action - APPH",APPH,https://www.prnewswire.com/news-releases/rosen-a-leading-law-firm-encourages-appharvest-inc-investors-with-losses-over-100k-to-secure-counsel-before-important-november-23-deadline-in-securities-class-action--apph-301417850.html
2021-11-05 22:50:00," WELLS FARGO INVESTIGATION CONTINUED BY FORMER LOUISIANA ATTORNEY GENERAL: Kahn Swick & Foti, LLC Continues to Investigate the Officers and Directors of Wells Fargo & Company - WFC",WFC,https://www.prnewswire.com/news-releases/wells-fargo-investigation-continued-by-former-louisiana-attorney-general--kahn-swick--foti-llc-continues-to-investigate-the-officers-and-directors-of-wells-fargo--company---wfc-301417985.html
2021-11-05 21:23:00," Final Deadline Alert: Kessler Topaz Meltzer & Check, LLP Reminds Investors of Deadline in Securities Fraud Class Action Lawsuit Filed Against The Boston Beer Company, Inc.",SAM,https://www.prnewswire.com/news-releases/final-deadline-alert--kessler-topaz-meltzer--check-llp-reminds-investors-of-deadline-in-securities-fraud-class-action-lawsuit-filed-against-the-boston-beer-company-inc-301417982.html
2021-11-05 21:09:00," Kessler Topaz Meltzer & Check, LLP Announces a Securities Fraud Class Action Filed Against ON24, Inc. (ONTF)",ONTF,https://www.prnewswire.com/news-releases/kessler-topaz-meltzer--check-llp-announces-a-securities-fraud-class-action-filed-against-on24-inc-ontf-301417979.html
2021-11-05 21:07:00," Hyzon Motors Inc. Class Action Reminder: Kessler Topaz Meltzer & Check, LLP Reminds Shareholders of Deadline in Securities Fraud Class Action Lawsuit",HYZN,https://www.prnewswire.com/news-releases/hyzon-motors-inc-class-action-reminder-kessler-topaz-meltzer--check-llp-reminds-shareholders-of-deadline-in-securities-fraud-class-action-lawsuit-301417978.html
2021-11-05 21:03:00," EAR Investigation Reminder: Kessler Topaz Meltzer & Check, LLP is Investigating Securities Fraud Claims on Behalf of Eargo, Inc. (NASDAQ: EAR) Investors",EAR,https://www.prnewswire.com/news-releases/ear-investigation-reminder--kessler-topaz-meltzer--check-llp-is-investigating-securities-fraud-claims-on-behalf-of-eargo-inc-nasdaq-ear-investors-301417956.html
2021-11-05 20:12:00," ROSEN, A LEADING LAW FIRM, Encourages PolarityTE, Inc. Investors with Losses to Secure Counsel Before Important November 23 Deadline in Securities Class Action - PTE",PTE,https://www.prnewswire.com/news-releases/rosen-a-leading-law-firm-encourages-polarityte-inc-investors-with-losses-to-secure-counsel-before-important-november-23-deadline-in-securities-class-action--pte-301417934.html
2021-11-05 20:00:00," ROSEN, A LEADING AND LONGSTANDING LAW FIRM, Encourages Waterdrop Inc. Investors to Secure Counsel Before Important November 15 Deadline in Securities Class Action - WDH",WDH,https://www.prnewswire.com/news-releases/rosen-a-leading-and-longstanding-law-firm-encourages-waterdrop-inc-investors-to-secure-counsel-before-important-november-15-deadline-in-securities-class-action--wdh-301417924.html
2021-11-05 19:25:00," ROSEN, A TOP RANKED LAW FIRM, Encourages Amarin Corporation plc Investors with Losses Exceeding $100K to Secure Counsel Before Important Deadline in Securities Class Action - AMRN",AMRN,https://www.prnewswire.com/news-releases/rosen-a-top-ranked-law-firm-encourages-amarin-corporation-plc-investors-with-losses-exceeding-100k-to-secure-counsel-before-important-deadline-in-securities-class-action--amrn-301417837.html
2021-11-05 19:23:00," ROSEN, A TRUSTED AND LEADING LAW FIRM, Encourages BioMarin Pharmaceutical Inc. Investors with Losses Exceeding $100K to Secure Counsel Before Important Deadline in Securities Class Action - BMRN",BMRN,https://www.prnewswire.com/news-releases/rosen-a-trusted-and-leading-law-firm-encourages-biomarin-pharmaceutical-inc-investors-with-losses-exceeding-100k-to-secure-counsel-before-important-deadline-in-securities-class-action--bmrn-301417869.html
2021-11-05 19:20:00," ROSEN, SKILLED INVESTOR COUNSEL, Encourages InnovAge Holding Corp. Investors with Losses Over $100K to Secure Counsel Before Important Deadline in Securities Class Action - INNV",INNV,https://www.prnewswire.com/news-releases/rosen-skilled-investor-counsel-encourages-innovage-holding-corp-investors-with-losses-over-100k-to-secure-counsel-before-important-deadline-in-securities-class-action--innv-301417867.html
2021-11-05 19:19:00," ROSEN, NATIONAL TRIAL COUNSEL, Encourages Vipshop Holdings Limited Investors with Losses Over $100K to Secure Counsel Before Important December 13 Deadline in Securities Class Action - VIPS",VIPS,https://www.prnewswire.com/news-releases/rosen-national-trial-counsel-encourages-vipshop-holdings-limited-investors-with-losses-over-100k-to-secure-counsel-before-important-december-13-deadline-in-securities-class-action--vips-301417865.html
2021-11-05 19:19:00, SHAREHOLDER ALERT: WeissLaw LLP Investigates Monmouth Real Estate Investment Corporation,MNR,https://www.prnewswire.com/news-releases/shareholder-alert-weisslaw-llp-investigates-monmouth-real-estate-investment-corporation-301417876.html
2021-11-05 19:18:00," FB INVESTOR ALERT: ROSEN, A LEADING LAW FIRM, Encourages Meta Platforms, Inc. f/k/a Facebook, Inc. Investors with Losses Exceeding $100K to Secure Counsel Before Important Deadline in Securities Class Action First Filed by Firm - FB",FB,https://www.prnewswire.com/news-releases/fb-investor-alert-rosen-a-leading-law-firm-encourages-meta-platforms-inc-fka-facebook-inc-investors-with-losses-exceeding-100k-to-secure-counsel-before-important-deadline-in-securities-class-action-first-filed-by-firm---301417863.html
2021-11-05 18:59:00, ALERT: Rowley Law PLLC is Investigating Proposed Acquisition of Monmouth Real Estate Investment Corporation,MNR,https://www.prnewswire.com/news-releases/alert-rowley-law-pllc-is-investigating-proposed-acquisition-of-monmouth-real-estate-investment-corporation-301417812.html
2021-11-05 18:29:00," Pomerantz Law Firm Announces the Filing of a Class Action Against Eargo, Inc. and Certain Officers - EAR",EAR,https://www.prnewswire.com/news-releases/pomerantz-law-firm-announces-the-filing-of-a-class-action-against-eargo-inc-and-certain-officers--ear-301417813.html
2021-11-05 18:26:00, GOL discloses preliminary traffic figures for October 2021,GOL,https://www.prnewswire.com/news-releases/gol-discloses-preliminary-traffic-figures-for-october-2021-301417946.html
2021-11-05 18:12:00," SHAREHOLDER ALERT: WeissLaw LLP Reminds MNTV, FTSI, MDP, and ESBK Shareholders About Its Ongoing Investigations",MNTV,https://www.prnewswire.com/news-releases/shareholder-alert-weisslaw-llp-reminds-mntv-ftsi-mdp-and-esbk-shareholders-about-its-ongoing-investigations-301417856.html
2021-11-05 18:09:00, Hillrom Exceeds Fourth Quarter Guidance With Strong Finish To Fiscal Year,HRC,https://www.prnewswire.com/news-releases/hillrom-exceeds-fourth-quarter-guidance-with-strong-finish-to-fiscal-year-301417422.html
2021-11-05 18:00:00, Holland America Line's Rotterdam Kicks Off its Inaugural Season of Caribbean Cruising with Nov. 5 Departure from Fort Lauderdale,CCL,https://www.prnewswire.com/news-releases/holland-america-lines-rotterdam-kicks-off-its-inaugural-season-of-caribbean-cruising-with-nov-5-departure-from-fort-lauderdale-301417936.html
2021-11-05 17:41:00," ROSEN, GLOBAL INVESTOR COUNSEL, Encourages Nano-X Imaging Ltd. Investors with Losses Exceeding $100K to Secure Counsel Before Important December 6 Deadline in Securities Class Action - NNOX",NNOX,https://www.prnewswire.com/news-releases/rosen-global-investor-counsel-encourages-nano-x-imaging-ltd-investors-with-losses-exceeding-100k-to-secure-counsel-before-important-december-6-deadline-in-securities-class-action--nnox-301417780.html
2021-11-05 17:13:00," Nextdoor, the neighborhood network, soon to become publicly traded following the close of its merger with Khosla Ventures Acquisition Co. II",KVSB,https://www.prnewswire.com/news-releases/nextdoor-the-neighborhood-network-soon-to-become-publicly-traded-following-the-close-of-its-merger-with-khosla-ventures-acquisition-co-ii-301417897.html
2021-11-05 17:00:00," GreenTree to Hold Annual General Meeting on December 15, 2021",GHG,https://www.prnewswire.com/news-releases/greentree-to-hold-annual-general-meeting-on-december-15-2021-301417710.html
2021-11-05 17:00:00, Cansortium Announces Change of Auditor,CNTMF,https://www.prnewswire.com/news-releases/cansortium-announces-change-of-auditor-301417871.html
2021-11-05 17:00:00, Willamette Valley Vineyards Announces Annual Cash Dividend for Series A Redeemable Preferred Stock (NASDAQ: WVVIP),WVVI,https://www.prnewswire.com/news-releases/willamette-valley-vineyards-announces-annual-cash-dividend-for-series-a-redeemable-preferred-stock-nasdaq-wvvip-301417882.html
2021-11-05 17:00:00," Sri Kadasinghanahalli joins MGIC as Vice President, Data & Analytics",MTG,https://www.prnewswire.com/news-releases/sri-kadasinghanahalli-joins-mgic-as-vice-president-data--analytics-301417795.html
2021-11-05 16:32:00," Modern Lending Podcast Powered by loanDepot Features Serial Entrepreneur ""GaryVee""",LDI,https://www.prnewswire.com/news-releases/modern-lending-podcast-powered-by-loandepot-features-serial-entrepreneur-garyvee-301417859.html
2021-11-05 16:30:00, NextEra Energy and NextEra Energy Partners to participate in EEI Financial Conference and meet with investors throughout November and December,NEE,https://www.prnewswire.com/news-releases/nextera-energy-and-nextera-energy-partners-to-participate-in-eei-financial-conference-and-meet-with-investors-throughout-november-and-december-301417082.html
2021-11-05 16:30:00, Virtus Total Return Fund Inc. Discloses Sources of Distribution - Section 19(a) Notice,ZTR,https://www.prnewswire.com/news-releases/virtus-total-return-fund-inc-discloses-sources-of-distribution--section-19a-notice-301417852.html
2021-11-05 16:30:00, Titan Announces Upcoming TP-2021 Implant Data Presentation at Neuroscience 2021,TTNP,https://www.prnewswire.com/news-releases/titan-announces-upcoming-tp-2021-implant-data-presentation-at-neuroscience-2021-301417786.html
2021-11-05 16:30:00," AEP Highlights Planned Capital Investments In Renewables And Energy Grid, Reaffirms Operating Earnings Growth Rate Of 5% To 7%",AEP,https://www.prnewswire.com/news-releases/aep-highlights-planned-capital-investments-in-renewables-and-energy-grid-reaffirms-operating-earnings-growth-rate-of-5-to-7-301417800.html
2021-11-05 16:30:00," Provention Bio Appoints Miguel Sanjuan, Ph.D. as Senior Vice President of Research and Early Development",PRVB,https://www.prnewswire.com/news-releases/provention-bio-appoints-miguel-sanjuan-phd-as-senior-vice-president-of-research-and-early-development-301417769.html
2021-11-05 16:30:00, Virtus Global Multi-Sector Income Fund Discloses Sources of Distribution - Section 19(a) Notice,VGI,https://www.prnewswire.com/news-releases/virtus-global-multi-sector-income-fund-discloses-sources-of-distribution--section-19a-notice-301417855.html
2021-11-05 16:19:00, Biglari Holdings Inc. News Release,BH.A,https://www.prnewswire.com/news-releases/biglari-holdings-inc-news-release-301417848.html
2021-11-05 16:15:00, KAR Global Announces Participation in Upcoming Investor Conference,KAR,https://www.prnewswire.com/news-releases/kar-global-announces-participation-in-upcoming-investor-conference-301417811.html
2021-11-05 16:15:00," Aspen Aerogels, Inc. to Present at Upcoming Investor Conferences",ASPN,https://www.prnewswire.com/news-releases/aspen-aerogels-inc-to-present-at-upcoming-investor-conferences-301417817.html
2021-11-05 16:13:00," Huntsman to Host Investor Day on November 9, 2021",HUN,https://www.prnewswire.com/news-releases/huntsman-to-host-investor-day-on-november-9-2021-301417843.html
2021-11-05 16:13:00, Limelight Networks Grants Equity Awards to Moov Employees Under Its Inducement Equity Plan Pursuant to NASDAQ Listing Rule 5635(c)(4),LLNW,https://www.prnewswire.com/news-releases/limelight-networks-grants-equity-awards-to-moov-employees-under-its-inducement-equity-plan-pursuant-to-nasdaq-listing-rule-5635c4-301417842.html
2021-11-05 16:06:00, Vertical Capital Income Fund (VCIF) Declares November Distribution,VCIF,https://www.prnewswire.com/news-releases/vertical-capital-income-fund-vcif-declares-november-distribution-301417840.html
2021-11-05 16:05:00, ACRES Commercial Realty Corp. Reauthorizes a $20 Million Share Repurchase Program,ACR,https://www.prnewswire.com/news-releases/acres-commercial-realty-corp-reauthorizes-a-20-million-share-repurchase-program-301417833.html
2021-11-05 16:01:00, Blueprint Medicines Announces Inducement Grants Under NASDAQ Listing Rule 5635(c)(4),BPMC,https://www.prnewswire.com/news-releases/blueprint-medicines-announces-inducement-grants-under-nasdaq-listing-rule-5635c4-301417498.html
2021-11-05 16:01:00," People's United Financial, Inc. Announces Annual Shareholders Meeting Date",PBCT,https://www.prnewswire.com/news-releases/peoples-united-financial-inc-announces-annual-shareholders-meeting-date-301417661.html
2021-11-05 16:00:00," Tuya to Report Third Quarter 2021 Financial Results on November 22, 2021 Eastern Time",TUYA,https://www.prnewswire.com/news-releases/tuya-to-report-third-quarter-2021-financial-results-on-november-22-2021-eastern-time-301417790.html
2021-11-05 16:00:00, Cambridge Bancorp CEO and CFO to attend the Piper Sandler Companies 2021 East Coast Financial Services Conference,CATC,https://www.prnewswire.com/news-releases/cambridge-bancorp-ceo-and-cfo-to-attend-the-piper-sandler-companies-2021-east-coast-financial-services-conference-301417783.html
2021-11-05 16:00:00, Amgen Begins Construction On New Biomanufacturing Plant In Central Ohio,AMGN,https://www.prnewswire.com/news-releases/amgen-begins-construction-on-new-biomanufacturing-plant-in-central-ohio-301417830.html
2021-11-05 16:00:00," Hawaiian Electric sets goal of 70% carbon reduction by 2030, envisions zero emissions by 2045",HE,https://www.prnewswire.com/news-releases/hawaiian-electric-sets-goal-of-70-carbon-reduction-by-2030-envisions-zero-emissions-by-2045-301417810.html
2021-11-05 15:46:00, GSK announces positive Phase III efficacy and safety data for daprodustat in patients with anaemia due to chronic kidney disease,GSK,https://www.prnewswire.com/news-releases/gsk-announces-positive-phase-iii-efficacy-and-safety-data-for-daprodustat-in-patients-with-anaemia-due-to-chronic-kidney-disease-301417821.html
2021-11-05 15:39:00, TransAlta Recognized at COP26 Powering the World Past Coal Event,TAC,https://www.prnewswire.com/news-releases/transalta-recognized-at-cop26-powering-the-world-past-coal-event-301417819.html
2021-11-05 15:29:00," IRSA Propiedades Comerciales S.A. Announces its Results for the First Quarter of the FY 2022 ended September 30, 2021",IRCP,https://www.prnewswire.com/news-releases/irsa-propiedades-comerciales-sa-announces-its-results-for-the-first-quarter-of-the-fy-2022-ended-september-30-2021-301417814.html
2021-11-05 15:00:00," Electro-Sensors, Inc. Announces Third Quarter 2021 Financial Results",ELSE,https://www.prnewswire.com/news-releases/electro-sensors-inc-announces-third-quarter-2021-financial-results-301417792.html
2021-11-05 15:00:00, Jardiance® shows consistent cardio-renal benefits in adults with heart failure with left ventricular ejection fraction over 40% regardless of chronic kidney disease status,LLY,https://www.prnewswire.com/news-releases/jardiance-shows-consistent-cardio-renal-benefits-in-adults-with-heart-failure-with-left-ventricular-ejection-fraction-over-40-regardless-of-chronic-kidney-disease-status-301417725.html
2021-11-05 14:46:00, Redfin Reports Higher Mortgage Rates Boost Buyer Urgency,RDFN,https://www.prnewswire.com/news-releases/redfin-reports-higher-mortgage-rates-boost-buyer-urgency-301417787.html
2021-11-05 14:05:00," Denver Mayor Declares ""Southwest Airlines Day"" To Celebrate 15 Years Of Southwest Service In The Mile High City",LUV,https://www.prnewswire.com/news-releases/denver-mayor-declares-southwest-airlines-day-to-celebrate-15-years-of-southwest-service-in-the-mile-high-city-301417775.html
2021-11-05 13:42:00," Motion Acquisition Corp. and DocGo Announce Closing of Business Combination, will Begin Trading on Nasdaq Under the Symbol ""DCGO""",MOTN,https://www.prnewswire.com/news-releases/motion-acquisition-corp-and-docgo-announce-closing-of-business-combination-will-begin-trading-on-nasdaq-under-the-symbol-dcgo-301417762.html
